Time,Coop Total Loops,Coop Average Velocity,Coop Average Acceleration,Coop Average Deceleration,Coop Waiting Time,Non-Coop Total Loops,Non-Coop Average Velocity,Non-Coop Average Acceleration,Non-Coop Average Deceleration,Non-Coops Waiting Time,Throughput Increase %
20.0,30,0.874659201379,0.00367807367918,0.0152008494326,0.95742225647,24,0.714457745928,0.0115210979619,0.0514933046562,3.21687515577,25.0
20.0,28,0.894788029199,0.00199461849188,0.00956928746861,0.859536975622,25,0.800015105375,0.00859518495562,0.0394194167191,1.84547704458,12.0
20.0,32,0.661168108548,0.00661925095722,0.0565261026213,4.78286251655,24,0.500670127118,0.020322597249,0.0648017979238,5.55193572778,33.3333333333
20.0,30,0.707189816573,0.00441573125634,0.0487987231837,4.24034627279,23,0.544063678138,0.0220807188751,0.0660008016136,4.95302752654,30.4347826087
20.0,31,0.849193576678,0.00412058822349,0.0245778959266,1.31187410355,24,0.682068397155,0.0145066951716,0.0533781259683,3.60416736603,29.1666666667
20.0,31,0.722526241851,0.00507958215557,0.0582038127758,3.82298111916,24,0.571341474861,0.0202241102698,0.062203104926,4.6641445756,29.1666666667
