Time,Coop Total Loops,Coop Average Velocity,Coop Average Acceleration,Coop Average Deceleration,Coop Waiting Time,Non-Coop Total Loops,Non-Coop Average Velocity,Non-Coop Average Acceleration,Non-Coop Average Deceleration,Non-Coops Waiting Time
5.0,9,0.972878692159,0.00662595580818,0.0251768068176,0.76222205162,8,0.920766960624,0.0227899132508,0.034403087589,0.43748638365
5.0,9,0.999566070945,0.00538153362841,0.0303344552328,0.749308556318,8,0.914362878874,0.0182865354856,0.033835318551,0.631695121527
