Time,Coop Total Loops,Coop Average Velocity,Coop Average Acceleration,Coop Average Deceleration,Coop Waiting Time,Non-Coop Total Loops,Non-Coop Average Velocity,Non-Coop Average Acceleration,Non-Coop Average Deceleration,Non-Coops Waiting Time,Throughput Increase %
20.0,31,0.884020045996,0.00252162336745,0.0154303167627,0.721666666667,26,0.747372915096,0.0075681151006,0.0402731861193,2.525,19.2307692308
20.0,32,0.671607276402,0.00364476300319,0.0916019918627,4.72730769231,25,0.534152345673,0.00989290124446,0.043842334464,4.77576923077,28.0
20.0,31,0.717688342852,0.00270494952746,0.0823695491943,4.22,25,0.577562720309,0.0104498208812,0.0453016722412,4.25,24.0
20.0,31,0.852232900712,0.0028293495775,0.0345989156716,1.2765,26,0.709987588935,0.00878263777468,0.0404946115665,2.8365,19.2307692308
20.0,32,0.733921844407,0.0033628767549,0.0711931507484,3.62125,25,0.603933524665,0.0099101106872,0.0436564255038,3.99,28.0
20.0,28,0.915075430404,0.00173044674761,0.0146742205528,0.7275,26,0.838029490486,0.00569223796962,0.0196323431816,1.2525,7.69230769231
