Time,Coop Total Loops,Coop Average Velocity,Coop Average Acceleration,Coop Average Deceleration,Coop Waiting Time,Non-Coop Total Loops,Non-Coop Average Velocity,Non-Coop Average Acceleration,Non-Coop Average Deceleration,Non-Coops Waiting Time,Throughput Increase %
40.0,61,0.9060497071102254,0.002334201107160202,0.008977595637424573,0.7216666666666657,51,0.7577131107974038,0.007121990984091868,0.039432040604261795,4.826666666666648,19.607843137254903
40.0,65,0.6748223087538057,0.003582797706614608,0.09186341959863466,9.44653846153844,51,0.5333391507381824,0.009778926394098471,0.04346470361327697,9.666923076923062,27.45098039215686
40.0,64,0.7269259108220508,0.002659758717705766,0.08189750824371551,8.266249999999946,50,0.5774914018036368,0.009903633103361452,0.044271256610965044,8.621249999999947,28.0
40.0,63,0.8576232416990441,0.0028248855536769407,0.0319819374744034,2.3084999999999973,51,0.7011749098003962,0.00923767394137761,0.042273328848054,5.923499999999969,23.529411764705884
40.0,64,0.7352007624717684,0.0030030584496586357,0.07810551682586706,7.648749999999957,51,0.5906771763614526,0.009591540912972702,0.04335415779653153,8.351249999999938,25.49019607843137
40.0,57,0.9406109332214971,0.0015717001435724143,0.008286168884489577,0.7274999999999995,52,0.8626057942464226,0.005443013831628224,0.016086005860228052,1.8731249999999973,9.615384615384615
