Time,Coop Total Loops,Coop Average Velocity,Coop Waiting Time,Coop Average Acceleration,Coop Average Deceleration,Coop Net Average Acceleration,Coop Total Count Acceleration,Coop Total Count Deceleration,Non-Coop Total Loops,Non-Coop Average Velocity,Non-Coops Waiting Time,Non-Coop Average Acceleration,Non-Coop Average Deceleration,Non-Coop Net Average Acceleration,Non-Coop Total Count Acceleration,Non-Coop Total Count Deceleration,Throughput Increase %
40.0,57,0.841274905251,1.36,0.0182109660677,0.116789837732,-0.0985788716643,1394,12150,46,0.68415394914,6.745,0.0174849609518,0.152336448456,-0.134851487504,2679,13278,23.9130434783
40.0,62,0.644033738561,9.30807692308,0.0216165516094,0.27724911402,-0.25563256241,2836,21252,46,0.480786793441,11.1957692308,0.0136974504927,0.102965611791,-0.0892681612986,9560,19900,34.7826086957
40.0,57,0.841274905251,1.36,0.0182109660677,0.116789837732,-0.0985788716643,154,1350,46,0.68415394914,6.745,0.0174849609518,0.152336448456,-0.134851487504,297,1475,23.9130434783
40.0,62,0.644033738561,9.30807692308,0.0216165516094,0.27724911402,-0.25563256241,218,1634,46,0.480786793441,11.1957692308,0.0136974504927,0.102965611791,-0.0892681612986,735,1530,34.7826086957
40.0,57,0.841274905251,1.36,0.0182109660677,0.116789837732,-0.0985788716643,154.888888889,1350.0,46,0.68415394914,6.745,0.0174849609518,0.152336448456,-0.134851487504,297.666666667,1475.33333333,23.9130434783
40.0,62,0.644033738561,9.30807692308,0.0216165516094,0.27724911402,-0.25563256241,218.153846154,1634.76923077,46,0.480786793441,11.1957692308,0.0136974504927,0.102965611791,-0.0892681612986,735.384615385,1530.76923077,34.7826086957
