Time,Coop Total Loops,Coop Average Velocity,Coop Average Acceleration,Coop Average Deceleration,Coop Waiting Time,Non-Coop Total Loops,Non-Coop Average Velocity,Non-Coop Average Acceleration,Non-Coop Average Deceleration,Non-Coops Waiting Time
20.0,36,1.0556099857664796,0.007548549698952108,0.01810292928780234,1.9393529891967773,32,0.9333698642422701,0.02255879871805786,0.03510767823306102,2.2391547891828747
20.0,35,1.1343958843021835,0.005627991115448576,0.02199215515376928,0.8563635051250458,31,0.992794268764415,0.018941577217147124,0.03426563227525385,1.9154554903507233
20.0,36,0.8767127188807042,0.011744084141617612,0.04264618330599361,4.605304891412908,32,0.7565009643497494,0.03632069363531815,0.058774080055435635,3.2851085662841797
