Time,Coop Total Loops,Coop Average Velocity,Coop Average Acceleration,Coop Average Deceleration,Coop Waiting Time,Non-Coop Total Loops,Non-Coop Average Velocity,Non-Coop Average Acceleration,Non-Coop Average Deceleration,Non-Coops Waiting Time,Throughput Increase %
5.0,9,0.7610745779439931,0.017381434332225883,0.07397740842805832,1.5346132058363695,6,0.4082783915061227,0.030106172728307727,0.10584317303597532,2.17752113709083,50.0
5.0,9,0.7590424484040686,0.01666766411492805,0.07324916393121153,1.569820679151095,6,0.3998426759675277,0.030190519773136786,0.10576996851946321,2.233082276124221,50.0
5.0,9,0.7535059108617203,0.017865030942759267,0.07448650402538545,1.5634325467623198,6,0.4174288242665432,0.03327364937344745,0.10854436171162898,2.150176268357497,50.0
