Time,Coop Total Loops,Coop Average Velocity,Coop Average Acceleration,Coop Average Deceleration,Coop Waiting Time,Non-Coop Total Loops,Non-Coop Average Velocity,Non-Coop Average Acceleration,Non-Coop Average Deceleration,Non-Coops Waiting Time,Throughput Increase %
20.0,36,1.05414486307,0.00788930178259,0.0181902143022,1.94485094812,32,0.938320458797,0.0226085524138,0.0348764204175,2.22986706098,-11.1111111111
20.0,35,1.12999083411,0.005498156552,0.022097182154,0.861900240183,31,0.997875232012,0.0187772439917,0.033733330425,1.89460119605,-11.4285714286
20.0,36,0.877277434407,0.0112444491932,0.0403209452346,4.73784173619,32,0.760925868589,0.0373075337993,0.0586600006705,3.17934458906,-11.1111111111
20.0,37,0.814079723292,0.0153899042703,0.049116811559,5.22499555349,32,0.692719821015,0.0408445553567,0.0654848729145,3.44594754775,15.625
20.0,37,0.810987142505,0.0155530687114,0.0488932843607,5.33161509037,32,0.693634653227,0.0420039577995,0.0664133481262,3.43129579226,15.625
20.0,37,0.764447949679,0.0156785572665,0.0524599406667,6.11147680649,21,0.415109588063,0.0335482536347,0.0753235582423,7.59999555808,76.1904761905
20.0,37,0.764314309628,0.018554956944,0.0625221017507,5.95341269787,23,0.45942239024,0.0427021044236,0.0878595212926,6.9669235853,60.8695652174
